"ID","Description","GeneRatio","BgRatio","pvalue","p.adjust","qvalue","geneID","Count","direction","comparison"
"GO:0050808","synapse organization",0.0757575757575758,0.0171444436732144,1.87389021825956e-06,0.00172960067145357,0.00142678658723623,"Pdzrn3/Itpka/Dlgap3/Erc2/Unc13a/Plxnd1/Numb/Pin1/Adgrb1/Lrfn1/Nptx1/Wasf1/Lrfn2/Nptxr/Xlr3b",15,"Up","DOM DIS - MEA"
"GO:0034329","cell junction assembly",0.0656565656565657,0.0153050600402582,1.26648734461767e-05,0.00584483909541055,0.00482153954003569,"Fscn1/Smad3/Nphp4/Plxnd1/Cldn3/Numb/Adgrb1/Lrfn1/Nptx1/Nptxr/Ptk2b/Snai2/Xlr3b",13,"Up","DOM DIS - MEA"
"GO:0007409","axonogenesis",0.0656565656565657,0.0171097383216492,4.03056709809744e-05,0.00842534266014644,0.00695025510730371,"Nr4a2/Rtn4rl1/Egr2/Rtn4r/Lhx2/Nr4a3/Plxnd1/Unc5a/Unc5c/Numb/Zic2/Nptx1/Bhlhe22",13,"Up","DOM DIS - MEA"
"GO:0042391","regulation of membrane potential",0.0606060606060606,0.0162768098840841,0.000106148055019995,0.00948141820485049,0.00782143563305224,"Kcnmb4/Cnih2/Ptpn3/Cnih3/Gabra4/Gabrd/Kcnk12/Htr3a/Hcrt/Cxadr/Mpp2/Ptk2b",12,"Up","DOM DIS - MEA"
"GO:0060537","muscle tissue development",0.0606060606060606,0.0171097383216492,0.00016867754850017,0.0124029288784761,0.0102314556523515,"Fos/Egr2/Eya1/Msc/Fkbp1a/Synb/Smad3/Zfpm2/Pin1/Ski/Cxadr/Tshz3",12,"Up","DOM DIS - MEA"
"GO:0034765","regulation of ion transmembrane transport",0.0606060606060606,0.0172832650794753,0.0001850690107599,0.0128114022698541,0.0105684145618153,"Coro1a/Tesc/Fkbp1a/Tspan13/Cnih2/Ptpn3/Cnih3/Mink1/Kcnv1/Htr3a/Kcns1/Ptk2b",12,"Up","DOM DIS - MEA"
"GO:0031644","regulation of nervous system process",0.0555555555555556,0.006732838203651,1.12476785277816e-07,0.000311448218434272,0.000256920656897748,"Egr2/Dlgap3/Hgf/Cnih2/Cckbr/Hcrt/Ccn3/Nptx1/Vip/Nptxr/Ptk2b",11,"Up","DOM DIS - MEA"
"GO:0022604","regulation of cell morphogenesis",0.0555555555555556,0.0117304088290414,2.42930820477665e-05,0.00672675441902655,0.00554905137301614,"Coro1a/Itpka/Cdc42se2/Palmd/Unc13a/Plxnd1/Cldn3/Numb/Rreb1/Ptk2b/Xlr3b",11,"Up","DOM DIS - MEA"
"GO:1990778","protein localization to cell periphery",0.0555555555555556,0.0128409800791282,5.51302132177475e-05,0.00905591170764393,0.00747042573058384,"Tesc/Rilpl1/Ppp1r9b/Tamalin/Pik3r2/Cnih3/Tspan33/Numb/Rilpl2/Nptx1/Nptxr",11,"Up","DOM DIS - MEA"
"GO:0048167","regulation of synaptic plasticity",0.0555555555555556,0.0131186228916499,6.67371710512262e-05,0.00905591170764393,0.00747042573058384,"Rgs14/Itpka/Ptgs2/Nsmf/Erc2/Unc13a/Adgrb1/Rin1/Tshz3/Mpp2/Ptk2b",11,"Up","DOM DIS - MEA"
"GO:0030900","forebrain development",0.0555555555555556,0.0138127299229541,0.000105296215098891,0.00948141820485049,0.00782143563305224,"Nr4a2/Rtn4rl1/Rtn4r/Lhx2/Nr4a3/Zic5/Mrtfa/Numb/Ski/Bhlhe22/Neurod1",11,"Up","DOM DIS - MEA"
"GO:0010959","regulation of metal ion transport",0.0555555555555556,0.0154785867980843,0.000281507471772496,0.0168225468177027,0.0138772981294463,"Coro1a/Tesc/Mchr1/Fkbp1a/Ptgs2/Tspan13/Ptpn3/Hcrt/Vip/Kcns1/Ptk2b",11,"Up","DOM DIS - MEA"
"GO:0050673","epithelial cell proliferation",0.0555555555555556,0.0165197473450406,0.000486228999891282,0.024506200134121,0.0202157169759338,"Eya1/Smad3/Nr4a3/Hgf/Ceacam1/Egr3/Cxadr/Ccn3/Rreb1/Vip/Snai2",11,"Up","DOM DIS - MEA"
"GO:0045444","fat cell differentiation",0.0505050505050505,0.0091622128132158,1.57649305501124e-05,0.00590038902585333,0.00486736393001529,"Nr4a2/Egr2/Ptgs2/Smad3/Nr4a3/Zfpm2/Jdp2/Lpl/Rreb1/Snai2",10,"Up","DOM DIS - MEA"
"GO:0010631","epithelial cell migration",0.0505050505050505,0.0108627750399112,6.65578315379317e-05,0.00905591170764393,0.00747042573058384,"Ptgs2/Plxnd1/Pik3r2/Ceacam1/Egr3/Adgrb1/Ccn3/Rreb1/Ptk2b/Snai2",10,"Up","DOM DIS - MEA"
"GO:0090132","epithelium migration",0.0505050505050505,0.0109321857430416,7.01677994760053e-05,0.00905591170764393,0.00747042573058384,"Ptgs2/Plxnd1/Pik3r2/Ceacam1/Egr3/Adgrb1/Ccn3/Rreb1/Ptk2b/Snai2",10,"Up","DOM DIS - MEA"
"GO:0090130","tissue migration",0.0505050505050505,0.011001596446172,7.39429341754857e-05,0.00905591170764393,0.00747042573058384,"Ptgs2/Plxnd1/Pik3r2/Ceacam1/Egr3/Adgrb1/Ccn3/Rreb1/Ptk2b/Snai2",10,"Up","DOM DIS - MEA"
"GO:0060249","anatomical structure homeostasis",0.0505050505050505,0.0113833553133893,9.7939015569524e-05,0.00948141820485049,0.00782143563305224,"Coro1a/Tex15/Ptgs2/Nphp4/Mink1/Ceacam1/Cxadr/Nell2/Ptk2b/Neurod1",10,"Up","DOM DIS - MEA"
"GO:1904062","regulation of cation transmembrane transport",0.0505050505050505,0.0132227389463455,0.000326752102287322,0.0187737891054713,0.0154869218828278,"Coro1a/Tesc/Fkbp1a/Tspan13/Cnih2/Ptpn3/Cnih3/Mink1/Kcns1/Ptk2b",10,"Up","DOM DIS - MEA"
"GO:0001667","ameboidal-type cell migration",0.0505050505050505,0.0156868189074755,0.00121122637570382,0.0466469129989689,0.0384800901742079,"Ptgs2/Plxnd1/Pik3r2/Ceacam1/Egr3/Adgrb1/Ccn3/Rreb1/Ptk2b/Snai2",10,"Up","DOM DIS - MEA"
"GO:0050767","regulation of neurogenesis",0.0505050505050505,0.0157909349621712,0.00127231780456249,0.0469739733444472,0.0387498896266752,"Egr2/Rgs14/Itpka/Rtn4r/Lhx2/Plxnd1/Numb/Ski/Mycn/Xlr3b",10,"Up","DOM DIS - MEA"
"GO:0001558","regulation of cell growth",0.0505050505050505,0.0159991670715624,0.00140205178742852,0.0491428025239187,0.040539005712457,"Sertad1/Socs2/Rtn4r/Ppp1r9b/Smad3/Unc13a/Ceacam1/Pin1/Ccn3/Ptk2b",10,"Up","DOM DIS - MEA"
"GO:0045785","positive regulation of cell adhesion",0.0505050505050505,0.0167279794544319,0.00194358498806542,0.0554823384737438,0.0457686318404987,"Coro1a/H2-DMa/Spn/Smad3/Nr4a3/Pik3r2/Ceacam1/Egr3/Rreb1/Ptk2b",10,"Up","DOM DIS - MEA"
"GO:0043542","endothelial cell migration",0.0454545454545455,0.00791282015686819,3.0543551791726e-05,0.00768864499193538,0.00634253659215745,"Ptgs2/Plxnd1/Pik3r2/Ceacam1/Egr3/Adgrb1/Ccn3/Ptk2b/Snai2",9,"Up","DOM DIS - MEA"
"GO:0007411","axon guidance",0.0454545454545455,0.00895398070382453,7.9384921054804e-05,0.00905591170764393,0.00747042573058384,"Rtn4rl1/Egr2/Rtn4r/Lhx2/Nr4a3/Plxnd1/Unc5a/Unc5c/Zic2",9,"Up","DOM DIS - MEA"
"GO:0097485","neuron projection guidance",0.0454545454545455,0.00898868605538974,8.17615719361135e-05,0.00905591170764393,0.00747042573058384,"Rtn4rl1/Egr2/Rtn4r/Lhx2/Nr4a3/Plxnd1/Unc5a/Unc5c/Zic2",9,"Up","DOM DIS - MEA"
"GO:0032412","regulation of ion transmembrane transporter activity",0.0454545454545455,0.00950926632886791,0.000125247607901543,0.0107197988493827,0.0088430037456655,"Tesc/Fkbp1a/Cnih2/Ptpn3/Cnih3/Mink1/Htr3a/Kcns1/Ptk2b",9,"Up","DOM DIS - MEA"
"GO:0022898","regulation of transmembrane transporter activity",0.0454545454545455,0.00985631984452003,0.00016385882139836,0.0124029288784761,0.0102314556523515,"Tesc/Fkbp1a/Cnih2/Ptpn3/Cnih3/Mink1/Htr3a/Kcns1/Ptk2b",9,"Up","DOM DIS - MEA"
"GO:0032409","regulation of transporter activity",0.0454545454545455,0.010342194766433,0.00023418827164715,0.0145708424081015,0.0120198163979321,"Tesc/Fkbp1a/Cnih2/Ptpn3/Cnih3/Mink1/Htr3a/Kcns1/Ptk2b",9,"Up","DOM DIS - MEA"
"GO:0007517","muscle organ development",0.0454545454545455,0.0126674533213021,0.00100444458185348,0.0409015742228276,0.0337406306907437,"Fos/Egr2/Msc/Fkbp1a/Synb/Smad3/Zfpm2/Ski/Adgrb1",9,"Up","DOM DIS - MEA"
"GO:0009914","hormone transport",0.0454545454545455,0.0131880335947803,0.00132756686793065,0.047128623811538,0.0388774642835291,"Pfkl/Crym/C1qtnf1/Slc16a2/Cckbr/Cplx3/Nell2/Ccn3/Neurod1",9,"Up","DOM DIS - MEA"
"GO:0051480","regulation of cytosolic calcium ion concentration",0.0454545454545455,0.0137780245713889,0.00179009529808408,0.0518227151625052,0.0427497260658935,"Coro1a/Mchr1/Fkbp1a/C1qtnf1/Smad3/Cckbr/Plcd1/Hcrt/Ptk2b",9,"Up","DOM DIS - MEA"
"GO:0032102","negative regulation of response to external stimulus",0.0454545454545455,0.0139862566807802,0.00198118441322877,0.0559785677574536,0.0461779825639788,"Rtn4rl1/Spn/Rtn4r/C1qtnf1/Smad3/Hgf/Cldn3/Ceacam1/Ccn3",9,"Up","DOM DIS - MEA"
"GO:0050678","regulation of epithelial cell proliferation",0.0454545454545455,0.0140556673839106,0.00204838347938212,0.0567197385440908,0.0467893910553599,"Eya1/Smad3/Nr4a3/Ceacam1/Egr3/Cxadr/Rreb1/Vip/Snai2",9,"Up","DOM DIS - MEA"
"GO:0099173","postsynapse organization",0.0404040404040404,0.00718400777399875,9.81097511490969e-05,0.00948141820485049,0.00782143563305224,"Itpka/Numb/Adgrb1/Lrfn1/Nptx1/Lrfn2/Nptxr/Xlr3b",8,"Up","DOM DIS - MEA"
"GO:0045216","cell-cell junction organization",0.0404040404040404,0.00749635593808565,0.000131626276951611,0.0107197988493827,0.0088430037456655,"Fscn1/Smad3/Nphp4/Cldn3/Ceacam1/Numb/Cxadr/Snai2",8,"Up","DOM DIS - MEA"
"GO:1901888","regulation of cell junction assembly",0.0404040404040404,0.0076351773443465,0.000149292276313805,0.0118111518032265,0.00974328540153254,"Smad3/Nphp4/Cldn3/Adgrb1/Lrfn1/Nptx1/Snai2/Xlr3b",8,"Up","DOM DIS - MEA"
"GO:0021537","telencephalon development",0.0404040404040404,0.00895398070382453,0.000436583039826776,0.0237038909270656,0.0195538740232013,"Rtn4rl1/Rtn4r/Lhx2/Nr4a3/Numb/Ski/Bhlhe22/Neurod1",8,"Up","DOM DIS - MEA"
"GO:0001894","tissue homeostasis",0.0404040404040404,0.00992573054765045,0.00085557271575625,0.0376044579353819,0.0310207651326828,"Coro1a/Tex15/Ptgs2/Nphp4/Ceacam1/Cxadr/Ptk2b/Neurod1",8,"Up","DOM DIS - MEA"
"GO:0072659","protein localization to plasma membrane",0.0404040404040404,0.0104810161726938,0.00121188681867792,0.0466469129989689,0.0384800901742079,"Tesc/Rilpl1/Ppp1r9b/Tamalin/Pik3r2/Tspan33/Numb/Rilpl2",8,"Up","DOM DIS - MEA"
"GO:0060326","cell chemotaxis",0.0404040404040404,0.0108974803914764,0.00154980764610221,0.0497400242305796,0.0410316673624747,"Coro1a/Hgf/Elmo2/Egr3/Cxadr/Ccn3/Ptk2b/Snai2",8,"Up","DOM DIS - MEA"
"GO:0099601","regulation of neurotransmitter receptor activity",0.0353535353535354,0.00239466925799958,4.89544212891496e-07,0.000677773962748276,0.000559111022091866,"Dlgap3/Cnih2/Cnih3/Mink1/Nptx1/Nptxr/Ptk2b",7,"Up","DOM DIS - MEA"
"GO:0035249","synaptic transmission, glutamatergic",0.0353535353535354,0.00406052613312973,1.70469888793162e-05,0.00590038902585333,0.00486736393001529,"Ptgs2/Unc13a/Cnih2/Cnih3/Cckbr/Tshz3/Ptk2b",7,"Up","DOM DIS - MEA"
"GO:0007498","mesoderm development",0.0353535353535354,0.00416464218782536,2.0096248819905e-05,0.0061829458869241,0.00510045145487647,"Tal1/Eya1/Nanog/Lhx2/Smad3/Nr4a3/Zic2",7,"Up","DOM DIS - MEA"
"GO:0010469","regulation of signaling receptor activity",0.0353535353535354,0.00510168668008607,7.35984814664746e-05,0.00905591170764393,0.00747042573058384,"Dlgap3/Cnih2/Cnih3/Mink1/Nptx1/Nptxr/Ptk2b",7,"Up","DOM DIS - MEA"
"GO:0045598","regulation of fat cell differentiation",0.0353535353535354,0.00517109738321649,8.01318427556338e-05,0.00905591170764393,0.00747042573058384,"Ptgs2/Smad3/Zfpm2/Jdp2/Lpl/Rreb1/Snai2",7,"Up","DOM DIS - MEA"
"GO:1903034","regulation of response to wounding",0.0353535353535354,0.00603873117234678,0.000209845525181614,0.0135130757959974,0.0111472408725606,"Rtn4rl1/Rtn4r/C1qtnf1/Smad3/Cldn3/Ceacam1/Rreb1",7,"Up","DOM DIS - MEA"
"GO:0007416","synapse assembly",0.0353535353535354,0.00669813285208579,0.000393403717861192,0.0217866978951528,0.017972338268606,"Plxnd1/Numb/Adgrb1/Lrfn1/Nptx1/Nptxr/Xlr3b",7,"Up","DOM DIS - MEA"
"GO:0010632","regulation of epithelial cell migration",0.0353535353535354,0.00836398972721594,0.00144628544901964,0.0497400242305796,0.0410316673624747,"Ptgs2/Pik3r2/Ceacam1/Adgrb1/Rreb1/Ptk2b/Snai2",7,"Up","DOM DIS - MEA"
"GO:0006813","potassium ion transport",0.0353535353535354,0.00843340043034636,0.00151611302418719,0.0497400242305796,0.0410316673624747,"Kcnmb4/Kcnv1/Kcnk12/Hcrt/Vip/Kcns1/Ptk2b",7,"Up","DOM DIS - MEA"
"GO:2001234","negative regulation of apoptotic signaling pathway",0.0353535353535354,0.00853751648504199,0.00162575386092429,0.0497400242305796,0.0410316673624747,"Nr4a2/Eya1/Ptgs2/Aatf/Hgf/Mrtfa/Snai2",7,"Up","DOM DIS - MEA"
"GO:0051403","stress-activated MAPK cascade",0.0353535353535354,0.00860692718817242,0.00170221036040092,0.0506819407306466,0.041808675518619,"Gadd45b/Gadd45g/Smad3/Hgf/Mink1/Ceacam1/Ptk2b",7,"Up","DOM DIS - MEA"
"GO:1903035","negative regulation of response to wounding",0.0303030303030303,0.00319289234399944,4.25983377544421e-05,0.00842534266014644,0.00695025510730371,"Rtn4rl1/Rtn4r/C1qtnf1/Smad3/Cldn3/Ceacam1",6,"Up","DOM DIS - MEA"
"GO:0001704","formation of primary germ layer",0.0303030303030303,0.00357465121121677,8.02453549582973e-05,0.00905591170764393,0.00747042573058384,"Tal1/Eya1/Nanog/Smad3/Nr4a3/Dusp5",6,"Up","DOM DIS - MEA"
"GO:0010594","regulation of endothelial cell migration",0.0303030303030303,0.00603873117234678,0.0013271770500202,0.047128623811538,0.0388774642835291,"Ptgs2/Pik3r2/Ceacam1/Adgrb1/Ptk2b/Snai2",6,"Up","DOM DIS - MEA"
"GO:0007369","gastrulation",0.0303030303030303,0.00621225793017283,0.00153319102918156,0.0497400242305796,0.0410316673624747,"Tal1/Eya1/Nanog/Smad3/Nr4a3/Dusp5",6,"Up","DOM DIS - MEA"
"GO:0007254","JNK cascade",0.0303030303030303,0.00624696328173804,0.00157715992938293,0.0497400242305796,0.0410316673624747,"Gadd45b/Gadd45g/Smad3/Mink1/Ceacam1/Ptk2b",6,"Up","DOM DIS - MEA"
"GO:2001257","regulation of cation channel activity",0.0303030303030303,0.00628166863330326,0.00162208183495273,0.0497400242305796,0.0410316673624747,"Fkbp1a/Cnih2/Cnih3/Mink1/Kcns1/Ptk2b",6,"Up","DOM DIS - MEA"
"GO:0001707","mesoderm formation",0.0252525252525253,0.00232525855486916,9.95648593342594e-05,0.00948141820485049,0.00782143563305224,"Tal1/Eya1/Nanog/Smad3/Nr4a3",5,"Up","DOM DIS - MEA"
"GO:0048332","mesoderm morphogenesis",0.0252525252525253,0.00246407996113001,0.000131281102540991,0.0107197988493827,0.0088430037456655,"Tal1/Eya1/Nanog/Smad3/Nr4a3",5,"Up","DOM DIS - MEA"
"GO:0097120","receptor localization to synapse",0.0252525252525253,0.00260290136739085,0.000170209930437737,0.0124029288784761,0.0102314556523515,"Tamalin/Cnih2/Cnih3/Nptx1/Nptxr",5,"Up","DOM DIS - MEA"
"GO:0099072","regulation of postsynaptic membrane neurotransmitter receptor levels",0.0252525252525253,0.00322759769556466,0.000463913297918051,0.024237281545945,0.0199938799698544,"Tamalin/Cnih3/Numb/Nptx1/Nptxr",5,"Up","DOM DIS - MEA"
"GO:0046330","positive regulation of JNK cascade",0.0252525252525253,0.00364406191434719,0.00080664313856434,0.0366163090276173,0.0302056188211323,"Gadd45b/Gadd45g/Mink1/Ceacam1/Ptk2b",5,"Up","DOM DIS - MEA"
"GO:0099175","regulation of postsynapse organization",0.0252525252525253,0.00385229402373846,0.00103579453335328,0.0415668849689163,0.0342894605244334,"Itpka/Lrfn1/Nptx1/Lrfn2/Xlr3b",5,"Up","DOM DIS - MEA"
"GO:1901890","positive regulation of cell junction assembly",0.0252525252525253,0.00430346359408621,0.00169385100490526,0.0506819407306466,0.041808675518619,"Smad3/Nphp4/Cldn3/Adgrb1/Xlr3b",5,"Up","DOM DIS - MEA"
"GO:0002040","sprouting angiogenesis",0.0252525252525253,0.00433816894565142,0.00175474561023263,0.0516903254758953,0.0426405148287213,"Ptgs2/Pik3r2/Ceacam1/Egr3/Ptk2b",5,"Up","DOM DIS - MEA"
"GO:0099150","regulation of postsynaptic specialization assembly",0.0202020202020202,0.000624696328173804,6.13790068150407e-06,0.00424896174677119,0.00350506433654311,"Numb/Lrfn1/Nptx1/Nptxr",4,"Up","DOM DIS - MEA"
"GO:0098962","regulation of postsynaptic neurotransmitter receptor activity",0.0202020202020202,0.000728812382869438,1.18126137511901e-05,0.00584483909541055,0.00482153954003569,"Dlgap3/Cnih2/Nptx1/Nptxr",4,"Up","DOM DIS - MEA"
"GO:0098698","postsynaptic specialization assembly",0.0202020202020202,0.000971749843825918,3.89179860902366e-05,0.00842534266014644,0.00695025510730371,"Numb/Lrfn1/Nptx1/Nptxr",4,"Up","DOM DIS - MEA"
"GO:0032958","inositol phosphate biosynthetic process",0.0202020202020202,0.00107586589852155,5.88507356627714e-05,0.00905591170764393,0.00747042573058384,"Itpka/Mas1/Plcd1/Ptk2b",4,"Up","DOM DIS - MEA"
"GO:0099068","postsynapse assembly",0.0202020202020202,0.00117998195321719,8.535313718887e-05,0.00909010911061466,0.0074986359392651,"Numb/Lrfn1/Nptx1/Nptxr",4,"Up","DOM DIS - MEA"
"GO:0051968","positive regulation of synaptic transmission, glutamatergic",0.0202020202020202,0.00142291941417367,0.000179512784084027,0.0127454076699659,0.0105139741285382,"Ptgs2/Cckbr/Tshz3/Ptk2b",4,"Up","DOM DIS - MEA"
"GO:1900744","regulation of p38MAPK cascade",0.0202020202020202,0.00145762476573888,0.000197348027644901,0.0133282119158227,0.010994742490101,"Gadd45b/Gadd45g/Hgf/Mink1",4,"Up","DOM DIS - MEA"
"GO:0099084","postsynaptic specialization organization",0.0202020202020202,0.0015270354688693,0.000236795922125161,0.0145708424081015,0.0120198163979321,"Numb/Lrfn1/Nptx1/Nptxr",4,"Up","DOM DIS - MEA"
"GO:0003382","epithelial cell morphogenesis",0.0202020202020202,0.00166585687513015,0.00033221945329292,0.0187737891054713,0.0154869218828278,"Rilpl1/Cldn3/Frmd6/Rilpl2",4,"Up","DOM DIS - MEA"
"GO:0038066","p38MAPK cascade",0.0202020202020202,0.0018393836329562,0.000486760927185502,0.024506200134121,0.0202157169759338,"Gadd45b/Gadd45g/Hgf/Mink1",4,"Up","DOM DIS - MEA"
"GO:1903539","protein localization to postsynaptic membrane",0.0202020202020202,0.00194349968765184,0.000600829204836765,0.0291876503191755,0.0240775507755453,"Tamalin/Cnih3/Nptx1/Nptxr",4,"Up","DOM DIS - MEA"
"GO:0043647","inositol phosphate metabolic process",0.0202020202020202,0.00197820503921705,0.000642730843468245,0.030164774670569,0.0248836026819999,"Itpka/Mas1/Plcd1/Ptk2b",4,"Up","DOM DIS - MEA"
"GO:0062237","protein localization to postsynapse",0.0202020202020202,0.00197820503921705,0.000642730843468245,0.030164774670569,0.0248836026819999,"Tamalin/Cnih3/Nptx1/Nptxr",4,"Up","DOM DIS - MEA"
"GO:0046173","polyol biosynthetic process",0.0202020202020202,0.00218643714860832,0.000938660135167755,0.0387932823026793,0.032001453154973,"Itpka/Mas1/Plcd1/Ptk2b",4,"Up","DOM DIS - MEA"
"GO:0045600","positive regulation of fat cell differentiation",0.0202020202020202,0.00239466925799958,0.00131939601959519,0.047128623811538,0.0388774642835291,"Ptgs2/Lpl/Rreb1/Snai2",4,"Up","DOM DIS - MEA"
"GO:0061045","negative regulation of wound healing",0.0202020202020202,0.00253349066426043,0.00162613243657793,0.0497400242305796,0.0410316673624747,"C1qtnf1/Smad3/Cldn3/Ceacam1",4,"Up","DOM DIS - MEA"
"GO:0042982","amyloid precursor protein metabolic process",0.0202020202020202,0.00260290136739085,0.00179667051484308,0.0518227151625052,0.0427497260658935,"Aatf/Unc13a/Pin1/Necab2",4,"Up","DOM DIS - MEA"
"GO:0010919","regulation of inositol phosphate biosynthetic process",0.0151515151515152,0.000589990976608593,0.000202419276949055,0.0133452137588556,0.0110087676937205,"Mas1/Plcd1/Ptk2b",3,"Up","DOM DIS - MEA"
"GO:0022038","corpus callosum development",0.0151515151515152,0.000659401679739016,0.000285539797916948,0.0168225468177027,0.0138772981294463,"Rtn4rl1/Rtn4r/Bhlhe22",3,"Up","DOM DIS - MEA"
"GO:2000810","regulation of bicellular tight junction assembly",0.0151515151515152,0.00076351773443465,0.0004469601094319,0.0238006258272487,0.0196336728232231,"Nphp4/Cldn3/Snai2",3,"Up","DOM DIS - MEA"
"GO:0048333","mesodermal cell differentiation",0.0151515151515152,0.000832928437565073,0.000581521192359379,0.02875414610077,0.0237199433725536,"Tal1/Eya1/Nanog",3,"Up","DOM DIS - MEA"
"GO:2000311","regulation of AMPA receptor activity",0.0151515151515152,0.000867633789130284,0.000657487405168778,0.0303430437485391,0.0250306608634429,"Cnih2/Cnih3/Mink1",3,"Up","DOM DIS - MEA"
"GO:0060716","labyrinthine layer blood vessel development",0.0151515151515152,0.000937044492260707,0.000827745326937748,0.0369681743595262,0.0304958804661275,"Junb/Synb/Plcd1",3,"Up","DOM DIS - MEA"
"GO:0045061","thymic T cell selection",0.0151515151515152,0.000971749843825918,0.000922404607839449,0.0386990660470823,0.0319237320416524,"H2-DMa/Spn/Mink1",3,"Up","DOM DIS - MEA"
"GO:0060445","branching involved in salivary gland morphogenesis",0.0151515151515152,0.000971749843825918,0.000922404607839449,0.0386990660470823,0.0319237320416524,"Hgf/Plxnd1/Snai2",3,"Up","DOM DIS - MEA"
"GO:1900745","positive regulation of p38MAPK cascade",0.0151515151515152,0.000971749843825918,0.000922404607839449,0.0386990660470823,0.0319237320416524,"Gadd45b/Gadd45g/Mink1",3,"Up","DOM DIS - MEA"
"GO:0035767","endothelial cell chemotaxis",0.0151515151515152,0.00107586589852155,0.00124661305956074,0.0466469129989689,0.0384800901742079,"Egr3/Ccn3/Snai2",3,"Up","DOM DIS - MEA"
"GO:0099633","protein localization to postsynaptic specialization membrane",0.0151515151515152,0.00107586589852155,0.00124661305956074,0.0466469129989689,0.0384800901742079,"Cnih3/Nptx1/Nptxr",3,"Up","DOM DIS - MEA"
"GO:0099645","neurotransmitter receptor localization to postsynaptic specialization membrane",0.0151515151515152,0.00107586589852155,0.00124661305956074,0.0466469129989689,0.0384800901742079,"Cnih3/Nptx1/Nptxr",3,"Up","DOM DIS - MEA"
"GO:0044319","wound healing, spreading of cells",0.0151515151515152,0.00114527660165197,0.00149794613541832,0.0497400242305796,0.0410316673624747,"Mrtfa/Rreb1/Snai2",3,"Up","DOM DIS - MEA"
"GO:0090505","epiboly involved in wound healing",0.0151515151515152,0.00114527660165197,0.00149794613541832,0.0497400242305796,0.0410316673624747,"Mrtfa/Rreb1/Snai2",3,"Up","DOM DIS - MEA"
"GO:2000108","positive regulation of leukocyte apoptotic process",0.0151515151515152,0.00114527660165197,0.00149794613541832,0.0497400242305796,0.0410316673624747,"Nr4a3/Ceacam1/Siglec1",3,"Up","DOM DIS - MEA"
"GO:0090504","epiboly",0.0151515151515152,0.00117998195321719,0.00163464868363407,0.0497400242305796,0.0410316673624747,"Mrtfa/Rreb1/Snai2",3,"Up","DOM DIS - MEA"
"GO:0032594","protein transport within lipid bilayer",0.0101010101010101,0.000347053515652114,0.00203886992582472,0.0567197385440908,0.0467893910553599,"Rilpl1/Rilpl2",2,"Up","DOM DIS - MEA"
"GO:0007264","small GTPase mediated signal transduction",0.0705128205128205,0.0149580065246061,2.46675684493104e-05,0.00355243746856456,0.00321937015002217,"Usp8/Erbin/Rhobtb3/Srgap1/Garre1/Arhgef10/Rhog/Lpar1/Cdc42ep2/Dennd4b/Adcyap1r1",11,"Down","DOM DIS - MEA"
"GO:0007626","locomotory behavior",0.0641025641025641,0.00919691816478101,1.9731702683221e-06,0.000986091841593971,0.000893638429416405,"Strn/Slitrk6/Elavl4/Pak5/Kcnd2/Klhl1/Oprk1/Zfhx3/Abat/Cntn2",10,"Down","DOM DIS - MEA"
"GO:0042063","gliogenesis",0.0641025641025641,0.012146873047824,2.24789176191933e-05,0.00355243746856456,0.00321937015002217,"Nkx6-2/Fa2h/Tspan2/Mal/Arhgef10/Qk/Ndrg1/Abcc8/Enpp2/Cntn2",10,"Down","DOM DIS - MEA"
"GO:0042552","myelination",0.0576923076923077,0.00607343652391199,5.07558244221444e-07,0.000390113965206781,0.000353537892167594,"Nkx6-2/Fa2h/Tspan2/Mal/Arhgef10/Qk/Ndrg1/Ugt8a/Cntn2",9,"Down","DOM DIS - MEA"
"GO:0007272","ensheathment of neurons",0.0576923076923077,0.00617755257860762,5.85463679649996e-07,0.000390113965206781,0.000353537892167594,"Nkx6-2/Fa2h/Tspan2/Mal/Arhgef10/Qk/Ndrg1/Ugt8a/Cntn2",9,"Down","DOM DIS - MEA"
"GO:0008366","axon ensheathment",0.0576923076923077,0.00617755257860762,5.85463679649996e-07,0.000390113965206781,0.000353537892167594,"Nkx6-2/Fa2h/Tspan2/Mal/Arhgef10/Qk/Ndrg1/Ugt8a/Cntn2",9,"Down","DOM DIS - MEA"
"GO:0010001","glial cell differentiation",0.0576923076923077,0.00898868605538974,1.25997602206384e-05,0.00353181921507842,0.00320068501047891,"Nkx6-2/Fa2h/Tspan2/Mal/Arhgef10/Qk/Ndrg1/Enpp2/Cntn2",9,"Down","DOM DIS - MEA"
"GO:0022604","regulation of cell morphogenesis",0.0576923076923077,0.0117304088290414,9.96149490342068e-05,0.0124456426949612,0.0112787715320967,"Epb41l2/Rhobtb3/Rhog/Lpar1/Cdc42ep2/Lims1/Myo10/Enpp2/Cntn2",9,"Down","DOM DIS - MEA"
"GO:0007265","Ras protein signal transduction",0.0576923076923077,0.0118692302353023,0.000108873094456228,0.0128021950481176,0.011601894461868,"Usp8/Erbin/Srgap1/Garre1/Arhgef10/Rhog/Lpar1/Cdc42ep2/Dennd4b",9,"Down","DOM DIS - MEA"
"GO:0010721","negative regulation of cell development",0.0512820512820513,0.00714930242243354,1.74804222022707e-05,0.00353181921507842,0.00320068501047891,"Ednrb/Sema6d/Ctnna1/Sema3c/Nkx6-2/Abcc8/Appl2/Shb",8,"Down","DOM DIS - MEA"
"GO:0060326","cell chemotaxis",0.0512820512820513,0.0108974803914764,0.00032723540812773,0.0272559825353055,0.0247005323415712,"Ednrb/Padi2/Pde4d/Rhog/Lpar1/Mtus1/Enpp2/Oxsr1",8,"Down","DOM DIS - MEA"
"GO:0007611","learning or memory",0.0512820512820513,0.0111751232039981,0.000386825235718457,0.0309305458480478,0.0280305781335353,"Pde4d/Elavl4/Pak5/Oprk1/Cpeb3/Abcc8/Cntn2/Meis2",8,"Down","DOM DIS - MEA"
"GO:0050890","cognition",0.0512820512820513,0.0124592212119109,0.000788286304631213,0.0450224092273655,0.0408012249705359,"Pde4d/Elavl4/Pak5/Oprk1/Cpeb3/Abcc8/Cntn2/Meis2",8,"Down","DOM DIS - MEA"
"GO:0050767","regulation of neurogenesis",0.0512820512820513,0.0157909349621712,0.00346153244339089,0.0988514764905484,0.0895834185725672,"Sema6d/Ctnna1/Sema3c/Nkx6-2/Qk/Abcc8/Appl2/Enpp2",8,"Down","DOM DIS - MEA"
"GO:0007015","actin filament organization",0.0512820512820513,0.0158950510168668,0.0036009628303098,0.101384854898441,0.0918792739950063,"Ctnna1/Wipf1/Rhobtb3/Pik3ca/Arhgef10/Rhog/Lpar1/Cdc42ep2",8,"Down","DOM DIS - MEA"
"GO:0048709","oligodendrocyte differentiation",0.0448717948717949,0.00412993683626015,4.01692505480103e-06,0.0015787771741872,0.00143075512323329,"Nkx6-2/Fa2h/Tspan2/Mal/Qk/Enpp2/Cntn2",7,"Down","DOM DIS - MEA"
"GO:0021782","glial cell development",0.0448717948717949,0.00423405289095579,4.73870087299811e-06,0.0015787771741872,0.00143075512323329,"Nkx6-2/Fa2h/Tspan2/Mal/Arhgef10/Ndrg1/Cntn2",7,"Down","DOM DIS - MEA"
"GO:0044262","cellular carbohydrate metabolic process",0.0448717948717949,0.0101686680086069,0.00112306198870285,0.0575641260363334,0.0521670629570205,"Fut9/Inpp5a/Epm2aip1/Phkb/Itpk1/Scarb2/Adcyap1r1",7,"Down","DOM DIS - MEA"
"GO:0040013","negative regulation of locomotion",0.0448717948717949,0.0117998195321719,0.00260594804308709,0.0898153472091569,0.0813944933240088,"Sema6d/Ctnna1/Padi2/Sema3c/Srgap1/Abcc8/Clic4",7,"Down","DOM DIS - MEA"
"GO:0050900","leukocyte migration",0.0448717948717949,0.0131880335947803,0.00478268607864699,0.118817562197905,0.10767753589563,"Ednrb/Padi2/Fut9/Pde4d/Rhog/Mtus1/Oxsr1",7,"Down","DOM DIS - MEA"
"GO:0006665","sphingolipid metabolic process",0.0384615384615385,0.00499757062539044,0.000137805905536644,0.0144986318509343,0.0131392777522751,"Fut9/Cert1/Fa2h/Ugt8a/B3galt1/Enpp2",6,"Down","DOM DIS - MEA"
"GO:0008360","regulation of cell shape",0.0384615384615385,0.00544874019573818,0.000220460734694158,0.0209857623168391,0.0190181916996815,"Epb41l2/Rhobtb3/Rhog/Lpar1/Cdc42ep2/Myo10",6,"Down","DOM DIS - MEA"
"GO:0050768","negative regulation of neurogenesis",0.0384615384615385,0.00565697230512945,0.000269831493066465,0.0245178706654484,0.0222191387352817,"Sema6d/Ctnna1/Sema3c/Nkx6-2/Abcc8/Appl2",6,"Down","DOM DIS - MEA"
"GO:0051961","negative regulation of nervous system development",0.0384615384615385,0.0057957937113903,0.000307299287953583,0.0267083163747483,0.0242042139390442,"Sema6d/Ctnna1/Sema3c/Nkx6-2/Abcc8/Appl2",6,"Down","DOM DIS - MEA"
"GO:0006643","membrane lipid metabolic process",0.0384615384615385,0.00645519539112931,0.000544437282988061,0.0386018552520779,0.0349826454747511,"Fut9/Cert1/Fa2h/Ugt8a/B3galt1/Enpp2",6,"Down","DOM DIS - MEA"
"GO:0007612","learning",0.0384615384615385,0.00648990074269452,0.000560006904607433,0.0386018552520779,0.0349826454747511,"Elavl4/Pak5/Oprk1/Abcc8/Cntn2/Meis2",6,"Down","DOM DIS - MEA"
"GO:0007163","establishment or maintenance of cell polarity",0.0384615384615385,0.0079475255084334,0.00159320374547361,0.0692350932000379,0.0627437905254023,"Ctnna1/Rhobtb3/Cep290/Rhog/Lims1/Plekhg3",6,"Down","DOM DIS - MEA"
"GO:0050920","regulation of chemotaxis",0.0384615384615385,0.00798223085999861,0.00162869808331747,0.0692716482670559,0.0627769182841964,"Sema6d/Padi2/Sema3c/Lpar1/Mtus1/Oxsr1",6,"Down","DOM DIS - MEA"
"GO:0043547","positive regulation of GTPase activity",0.0384615384615385,0.00888457000069411,0.00278111529179423,0.0911385158737158,0.0825936051281772,"Tbc1d8/Tbc1d9/Wdr41/Arhgef10/Rhog/Lims1",6,"Down","DOM DIS - MEA"
"GO:0007411","axon guidance",0.0384615384615385,0.00895398070382453,0.00288991968357398,0.0931766039913611,0.0844406073927135,"Sema6d/Sema3c/Flrt2/Flrt3/Rhog/Cntn2",6,"Down","DOM DIS - MEA"
"GO:0097485","neuron projection guidance",0.0384615384615385,0.00898868605538974,0.0029455024020748,0.0934115735804707,0.0846535468428899,"Sema6d/Sema3c/Flrt2/Flrt3/Rhog/Cntn2",6,"Down","DOM DIS - MEA"
"GO:2000146","negative regulation of cell motility",0.0384615384615385,0.0105851322273895,0.00647940187771981,0.134920045349603,0.122270292012673,"Sema6d/Ctnna1/Padi2/Srgap1/Abcc8/Clic4",6,"Down","DOM DIS - MEA"
"GO:0051271","negative regulation of cellular component movement",0.0384615384615385,0.0108974803914764,0.00742787367094563,0.148483194682203,0.134561795659973,"Sema6d/Ctnna1/Padi2/Srgap1/Abcc8/Clic4",6,"Down","DOM DIS - MEA"
"GO:1901890","positive regulation of cell junction assembly",0.032051282051282,0.00430346359408621,0.000585106569896344,0.0389876011074264,0.0353322247997055,"Slitrk6/Flrt2/Flrt3/Lims1/Enpp2",5,"Down","DOM DIS - MEA"
"GO:0007266","Rho protein signal transduction",0.032051282051282,0.00478933851599917,0.00094818115789848,0.051227409044299,0.0464244601064946,"Srgap1/Arhgef10/Rhog/Lpar1/Cdc42ep2",5,"Down","DOM DIS - MEA"
"GO:0030534","adult behavior",0.032051282051282,0.00655931144582495,0.00374226988215846,0.1014375362388,0.0919270160696005,"Slitrk6/Klhl1/Oprk1/Abat/Cntn2",5,"Down","DOM DIS - MEA"
"GO:0071805","potassium ion transmembrane transport",0.032051282051282,0.00714930242243354,0.00537581217230179,0.121096477884804,0.109742786361469,"Kcnd2/Oprk1/Abcc8/Atp1b3/Oxsr1",5,"Down","DOM DIS - MEA"
"GO:1901888","regulation of cell junction assembly",0.032051282051282,0.0076351773443465,0.00705624425778257,0.142479113851589,0.129120641867558,"Slitrk6/Flrt2/Flrt3/Lims1/Enpp2",5,"Down","DOM DIS - MEA"
"GO:0022010","central nervous system myelination",0.0256410256410256,0.00100645519539113,1.76679300404123e-05,0.00353181921507842,0.00320068501047891,"Nkx6-2/Fa2h/Mal/Cntn2",4,"Down","DOM DIS - MEA"
"GO:0032291","axon ensheathment in central nervous system",0.0256410256410256,0.00100645519539113,1.76679300404123e-05,0.00353181921507842,0.00320068501047891,"Nkx6-2/Fa2h/Mal/Cntn2",4,"Down","DOM DIS - MEA"
"GO:0006688","glycosphingolipid biosynthetic process",0.0256410256410256,0.00104116054695634,2.03003510166856e-05,0.00355243746856456,0.00321937015002217,"Fut9/Fa2h/Ugt8a/B3galt1",4,"Down","DOM DIS - MEA"
"GO:0014003","oligodendrocyte development",0.0256410256410256,0.00166585687513015,0.000133622531612441,0.0144986318509343,0.0131392777522751,"Nkx6-2/Fa2h/Mal/Cntn2",4,"Down","DOM DIS - MEA"
"GO:0006687","glycosphingolipid metabolic process",0.0256410256410256,0.00176997292982578,0.000169462921669652,0.0169378190208817,0.0153497730628142,"Fut9/Fa2h/Ugt8a/B3galt1",4,"Down","DOM DIS - MEA"
"GO:0009247","glycolipid biosynthetic process",0.0256410256410256,0.00225584785173874,0.000432928526122786,0.0332855432199788,0.0301647770630492,"Fut9/Fa2h/Ugt8a/B3galt1",4,"Down","DOM DIS - MEA"
"GO:0007422","peripheral nervous system development",0.0256410256410256,0.00260290136739085,0.000745341108342981,0.0443207010312717,0.0401653071139878,"Ednrb/Fa2h/Arhgef10/Ndrg1",4,"Down","DOM DIS - MEA"
"GO:0006664","glycolipid metabolic process",0.0256410256410256,0.00312348164086902,0.00147170577820147,0.0680974949550388,0.0617128505398077,"Fut9/Fa2h/Ugt8a/B3galt1",4,"Down","DOM DIS - MEA"
"GO:1901379","regulation of potassium ion transmembrane transport",0.0256410256410256,0.00312348164086902,0.00147170577820147,0.0680974949550388,0.0617128505398077,"Oprk1/Abcc8/Atp1b3/Oxsr1",4,"Down","DOM DIS - MEA"
"GO:1903509","liposaccharide metabolic process",0.0256410256410256,0.00315818699243423,0.00153296011654665,0.0680974949550388,0.0617128505398077,"Fut9/Fa2h/Ugt8a/B3galt1",4,"Down","DOM DIS - MEA"
"GO:0045685","regulation of glial cell differentiation",0.0256410256410256,0.00329700839869508,0.0017957687859055,0.0747862875630226,0.0677745193101614,"Nkx6-2/Qk/Enpp2/Cntn2",4,"Down","DOM DIS - MEA"
"GO:0030148","sphingolipid biosynthetic process",0.0256410256410256,0.00340112445339071,0.00201228480658296,0.080278756230861,0.0727520283685589,"Fut9/Fa2h/Ugt8a/B3galt1",4,"Down","DOM DIS - MEA"
"GO:0006672","ceramide metabolic process",0.0256410256410256,0.00343582980495592,0.00208829180790634,0.080278756230861,0.0727520283685589,"Cert1/Fa2h/Ugt8a/B3galt1",4,"Down","DOM DIS - MEA"
"GO:0019935","cyclic-nucleotide-mediated signaling",0.0256410256410256,0.00343582980495592,0.00208829180790634,0.080278756230861,0.0727520283685589,"Ednrb/Pde4d/Lpar1/Adcyap1r1",4,"Down","DOM DIS - MEA"
"GO:0007200","phospholipase C-activating G protein-coupled receptor signaling pathway",0.0256410256410256,0.00350524050808635,0.00224621229996526,0.0803907458438305,0.0728535181260274,"Ednrb/Oprk1/Gpr139/Lpar1",4,"Down","DOM DIS - MEA"
"GO:0090630","activation of GTPase activity",0.0256410256410256,0.00350524050808635,0.00224621229996526,0.0803907458438305,0.0728535181260274,"Tbc1d8/Tbc1d9/Arhgef10/Rhog",4,"Down","DOM DIS - MEA"
"GO:0006821","chloride transport",0.0256410256410256,0.00371347261747762,0.00276905393044485,0.0911385158737158,0.0825936051281772,"Ttyh2/Clcn5/Clcn6/Clic4",4,"Down","DOM DIS - MEA"
"GO:0043266","regulation of potassium ion transport",0.0256410256410256,0.00388699937530367,0.00326397576290642,0.0963307076557725,0.0872989904823909,"Oprk1/Abcc8/Atp1b3/Oxsr1",4,"Down","DOM DIS - MEA"
"GO:0014013","regulation of gliogenesis",0.0256410256410256,0.00447699035191227,0.00539148901037896,0.121096477884804,0.109742786361469,"Nkx6-2/Qk/Abcc8/Enpp2",4,"Down","DOM DIS - MEA"
"GO:0046467","membrane lipid biosynthetic process",0.0256410256410256,0.00461581175817311,0.00600034152836003,0.12964156533058,0.117486708582675,"Fut9/Fa2h/Ugt8a/B3galt1",4,"Down","DOM DIS - MEA"
"GO:0099612","protein localization to axon",0.0192307692307692,0.000381758867217325,2.48795020309674e-05,0.00355243746856456,0.00321937015002217,"Mal/Ugt8a/Cntn2",3,"Down","DOM DIS - MEA"
"GO:0006677","glycosylceramide metabolic process",0.0192307692307692,0.000555285625043382,8.27752858379359e-05,0.0110311864260023,0.00999693101242721,"Fa2h/Ugt8a/B3galt1",3,"Down","DOM DIS - MEA"
"GO:2000178","negative regulation of neural precursor cell proliferation",0.0192307692307692,0.000971749843825918,0.000461690959757036,0.0341822306871969,0.0309773934402284,"Ctnna1/Lims1/Appl2",3,"Down","DOM DIS - MEA"
"GO:0022011","myelination in peripheral nervous system",0.0192307692307692,0.00111057125008676,0.000688019936459774,0.0429797454057215,0.0389500760081339,"Fa2h/Arhgef10/Ndrg1",3,"Down","DOM DIS - MEA"
"GO:0032292","peripheral nervous system axon ensheathment",0.0192307692307692,0.00111057125008676,0.000688019936459774,0.0429797454057215,0.0389500760081339,"Fa2h/Arhgef10/Ndrg1",3,"Down","DOM DIS - MEA"
"GO:1903429","regulation of cell maturation",0.0192307692307692,0.00114527660165197,0.000753828831947593,0.0443207010312717,0.0401653071139878,"Ednrb/Runx1/Shb",3,"Down","DOM DIS - MEA"
"GO:0014044","Schwann cell development",0.0192307692307692,0.0012146873047824,0.000897154813419569,0.0498170131118255,0.0451462992366982,"Fa2h/Arhgef10/Ndrg1",3,"Down","DOM DIS - MEA"
"GO:0090075","relaxation of muscle",0.0192307692307692,0.00128409800791282,0.00105667111476334,0.0555864620634713,0.0503748196262521,"Pde4d/Pik3ca/Abcc8",3,"Down","DOM DIS - MEA"
"GO:1901381","positive regulation of potassium ion transmembrane transport",0.0192307692307692,0.00142291941417367,0.0014269322154985,0.0680974949550388,0.0617128505398077,"Oprk1/Abcc8/Atp1b3",3,"Down","DOM DIS - MEA"
"GO:0014037","Schwann cell differentiation",0.0192307692307692,0.00145762476573888,0.0015306325209002,0.0680974949550388,0.0617128505398077,"Fa2h/Arhgef10/Ndrg1",3,"Down","DOM DIS - MEA"
"GO:1900744","regulation of p38MAPK cascade",0.0192307692307692,0.00145762476573888,0.0015306325209002,0.0680974949550388,0.0617128505398077,"Oprk1/Sash1/Phlpp1",3,"Down","DOM DIS - MEA"
"GO:0043949","regulation of cAMP-mediated signaling",0.0192307692307692,0.00166585687513015,0.0022520669170858,0.0803907458438305,0.0728535181260274,"Pde4d/Lpar1/Adcyap1r1",3,"Down","DOM DIS - MEA"
"GO:0043268","positive regulation of potassium ion transport",0.0192307692307692,0.00176997292982578,0.00267966054850188,0.0907905328212757,0.0822782480637242,"Oprk1/Abcc8/Atp1b3",3,"Down","DOM DIS - MEA"
"GO:0038066","p38MAPK cascade",0.0192307692307692,0.0018393836329562,0.00299066568741877,0.0934115735804707,0.0846535468428899,"Oprk1/Sash1/Phlpp1",3,"Down","DOM DIS - MEA"
"GO:0045687","positive regulation of glial cell differentiation",0.0192307692307692,0.00190879433608662,0.00332297831006683,0.0963307076557725,0.0872989904823909,"Nkx6-2/Qk/Enpp2",3,"Down","DOM DIS - MEA"
"GO:0043647","inositol phosphate metabolic process",0.0192307692307692,0.00197820503921705,0.00367704737024922,0.1014375362388,0.0919270160696005,"Inpp5a/Itpk1/Adcyap1r1",3,"Down","DOM DIS - MEA"
"GO:0050922","negative regulation of chemotaxis",0.0192307692307692,0.00208232109391268,0.00424987255453951,0.108916605596468,0.0987048672923413,"Sema6d/Padi2/Sema3c",3,"Down","DOM DIS - MEA"
"GO:0001755","neural crest cell migration",0.0192307692307692,0.00218643714860832,0.00487395702862844,0.118817562197905,0.10767753589563,"Ednrb/Sema6d/Sema3c",3,"Down","DOM DIS - MEA"
"GO:0030865","cortical cytoskeleton organization",0.0192307692307692,0.00218643714860832,0.00487395702862844,0.118817562197905,0.10767753589563,"Epb41l2/Rhobtb3/Rhog",3,"Down","DOM DIS - MEA"
"GO:0014911","positive regulation of smooth muscle cell migration",0.0192307692307692,0.00222114250017353,0.00509359460495832,0.120650007189908,0.109338175600343,"Sema6d/Pde4d/Lpar1",3,"Down","DOM DIS - MEA"
"GO:1901016","regulation of potassium ion transmembrane transporter activity",0.0192307692307692,0.00222114250017353,0.00509359460495832,0.120650007189908,0.109338175600343,"Abcc8/Atp1b3/Oxsr1",3,"Down","DOM DIS - MEA"
"GO:1902373","negative regulation of mRNA catabolic process",0.0192307692307692,0.00225584785173874,0.00531911070554713,0.121096477884804,0.109742786361469,"Nbas/Elavl4/Qk",3,"Down","DOM DIS - MEA"
"GO:0019098","reproductive behavior",0.0192307692307692,0.00235996390643437,0.00603134846210304,0.12964156533058,0.117486708582675,"Ednrb/Oprk1/Abat",3,"Down","DOM DIS - MEA"
"GO:0019933","cAMP-mediated signaling",0.0192307692307692,0.00235996390643437,0.00603134846210304,0.12964156533058,0.117486708582675,"Pde4d/Lpar1/Adcyap1r1",3,"Down","DOM DIS - MEA"
"GO:0046513","ceramide biosynthetic process",0.0192307692307692,0.00239466925799958,0.00628079095755621,0.132161064464788,0.119769986016113,"Fa2h/Ugt8a/B3galt1",3,"Down","DOM DIS - MEA"
"GO:0002664","regulation of T cell tolerance induction",0.0128205128205128,0.000416464218782536,0.0018549606929017,0.0756748250022549,0.0685797497848297,"Runx1/Phlpp1",2,"Down","DOM DIS - MEA"
"GO:1903430","negative regulation of cell maturation",0.0128205128205128,0.000451169570347748,0.0021844476670674,0.0803907458438305,0.0728535181260274,"Ednrb/Shb",2,"Down","DOM DIS - MEA"
"GO:0002517","T cell tolerance induction",0.0128205128205128,0.000485874921912959,0.00253948329527482,0.0890601246886732,0.0807100785072571,"Runx1/Phlpp1",2,"Down","DOM DIS - MEA"
"GO:0031650","regulation of heat generation",0.0128205128205128,0.000555285625043382,0.0033250719500992,0.0963307076557725,0.0872989904823909,"Ednrb/Abat",2,"Down","DOM DIS - MEA"
"GO:0043951","negative regulation of cAMP-mediated signaling",0.0128205128205128,0.000555285625043382,0.0033250719500992,0.0963307076557725,0.0872989904823909,"Pde4d/Lpar1",2,"Down","DOM DIS - MEA"
"GO:0055119","relaxation of cardiac muscle",0.0128205128205128,0.000555285625043382,0.0033250719500992,0.0963307076557725,0.0872989904823909,"Pde4d/Pik3ca",2,"Down","DOM DIS - MEA"
"GO:2001044","regulation of integrin-mediated signaling pathway",0.0128205128205128,0.000589990976608593,0.00375506637402261,0.1014375362388,0.0919270160696005,"Ctnna1/Lims1",2,"Down","DOM DIS - MEA"
"GO:0043217","myelin maintenance",0.0128205128205128,0.000624696328173804,0.00420949221446488,0.108916605596468,0.0987048672923413,"Fa2h/Ndrg1",2,"Down","DOM DIS - MEA"
"GO:0061158","3'-UTR-mediated mRNA destabilization",0.0128205128205128,0.000624696328173804,0.00420949221446488,0.108916605596468,0.0987048672923413,"Qk/Cpeb3",2,"Down","DOM DIS - MEA"
"GO:1901077","regulation of relaxation of muscle",0.0128205128205128,0.000624696328173804,0.00420949221446488,0.108916605596468,0.0987048672923413,"Pde4d/Abcc8",2,"Down","DOM DIS - MEA"
"GO:0048484","enteric nervous system development",0.0128205128205128,0.000659401679739016,0.00468807577712279,0.118626119980613,0.107504042803842,"Ednrb/Kif26a",2,"Down","DOM DIS - MEA"
"GO:0002643","regulation of tolerance induction",0.0128205128205128,0.000694107031304227,0.005190545581957,0.120650007189908,0.109338175600343,"Runx1/Phlpp1",2,"Down","DOM DIS - MEA"
"GO:0060973","cell migration involved in heart development",0.0128205128205128,0.000694107031304227,0.005190545581957,0.120650007189908,0.109338175600343,"Sema3c/Flrt3",2,"Down","DOM DIS - MEA"
"GO:0048148","behavioral response to cocaine",0.0128205128205128,0.000728812382869438,0.00571663234749119,0.126972756251499,0.115068120117337,"Oprk1/Abat",2,"Down","DOM DIS - MEA"
"GO:0045475","locomotor rhythm",0.0128205128205128,0.00076351773443465,0.0062660689752146,0.132161064464788,0.119769986016113,"Kcnd2/Zfhx3",2,"Down","DOM DIS - MEA"
"GO:0031649","heat generation",0.0128205128205128,0.000798223085999861,0.00683859053408734,0.139493290588169,0.126414761645159,"Ednrb/Abat",2,"Down","DOM DIS - MEA"
"GO:1901623","regulation of lymphocyte chemotaxis",0.0128205128205128,0.000798223085999861,0.00683859053408734,0.139493290588169,0.126414761645159,"Padi2/Oxsr1",2,"Down","DOM DIS - MEA"
"GO:0007409","axonogenesis",0.0851063829787234,0.0171097383216492,0.000213360207573069,0.0392098075337378,0.0317268812158929,"Ifrd1/Skil/Sema7a/Dclk1/Unc5a/Twf2/Rtn4r/Adcy1",8,"Up"," DOM DIS - mPFC"
"GO:2001020","regulation of response to DNA damage stimulus",0.074468085106383,0.00909280211008538,2.47559841171628e-05,0.0392098075337378,0.0317268812158929,"Clu/Skil/Spire1/Zfp365/Sirt7/Rad52/Ubqln4",7,"Up"," DOM DIS - mPFC"
"GO:0009117","nucleotide metabolic process",0.074468085106383,0.0155132921496495,0.000662056414375301,0.0486989601119563,0.0394050932660178,"Pdk3/Atp2b2/Acss2/Papss2/Nudt13/Pfkl/Adcy1",7,"Up"," DOM DIS - mPFC"
"GO:0006753","nucleoside phosphate metabolic process",0.074468085106383,0.0157909349621712,0.000734616620167788,0.0486989601119563,0.0394050932660178,"Pdk3/Atp2b2/Acss2/Papss2/Nudt13/Pfkl/Adcy1",7,"Up"," DOM DIS - mPFC"
"GO:0050767","regulation of neurogenesis",0.074468085106383,0.0157909349621712,0.000734616620167788,0.0486989601119563,0.0394050932660178,"Ifrd1/Sgk1/Skil/Sema7a/Zfp365/Twf2/Rtn4r",7,"Up"," DOM DIS - mPFC"
"GO:0008361","regulation of cell size",0.0638297872340425,0.00742694523495523,7.39513607561453e-05,0.0392098075337378,0.0317268812158929,"Ifrd1/Sema7a/Atp2b2/Twf2/Prr16/Rtn4r",6,"Up"," DOM DIS - mPFC"
"GO:0006302","double-strand break repair",0.0638297872340425,0.00926632886791143,0.000246447564636944,0.0392098075337378,0.0317268812158929,"Spire1/Tnks1bp1/Zfp365/Sirt7/Rad52/Ubqln4",6,"Up"," DOM DIS - mPFC"
"GO:0016358","dendrite development",0.0638297872340425,0.011001596446172,0.000611587191241727,0.0486517610632794,0.0393669018362438,"Sgk1/Wasl/Dclk1/Spire1/Zfp365/Mink1",6,"Up"," DOM DIS - mPFC"
"GO:0009150","purine ribonucleotide metabolic process",0.0638297872340425,0.0119733462899979,0.00094871358614187,0.0539072612697041,0.0436194254079514,"Pdk3/Atp2b2/Acss2/Papss2/Pfkl/Adcy1",6,"Up"," DOM DIS - mPFC"
"GO:0009259","ribonucleotide metabolic process",0.0638297872340425,0.0126327479697369,0.00124859567287068,0.0624942397952129,0.0505676372156177,"Pdk3/Atp2b2/Acss2/Papss2/Pfkl/Adcy1",6,"Up"," DOM DIS - mPFC"
"GO:0006163","purine nucleotide metabolic process",0.0638297872340425,0.012806274727563,0.0013384029553771,0.0624942397952129,0.0505676372156177,"Pdk3/Atp2b2/Acss2/Papss2/Pfkl/Adcy1",6,"Up"," DOM DIS - mPFC"
"GO:0019693","ribose phosphate metabolic process",0.0638297872340425,0.0130492121885195,0.00147233898695247,0.0624942397952129,0.0505676372156177,"Pdk3/Atp2b2/Acss2/Papss2/Pfkl/Adcy1",6,"Up"," DOM DIS - mPFC"
"GO:0072521","purine-containing compound metabolic process",0.0638297872340425,0.0136044978135629,0.00181680374159899,0.0665399214755888,0.0538412279365146,"Pdk3/Atp2b2/Acss2/Papss2/Pfkl/Adcy1",6,"Up"," DOM DIS - mPFC"
"GO:0032535","regulation of cellular component size",0.0638297872340425,0.0136392031651281,0.00184019895972716,0.0665399214755888,0.0538412279365146,"Ifrd1/Sema7a/Atp2b2/Twf2/Prr16/Rtn4r",6,"Up"," DOM DIS - mPFC"
"GO:0009991","response to extracellular stimulus",0.0638297872340425,0.0140903727354758,0.00216562254687978,0.067587689282509,0.0546890363508608,"Wdr24/Fam107a/Fos/Tmem135/Mars1/Prkab2",6,"Up"," DOM DIS - mPFC"
"GO:0043161","proteasome-mediated ubiquitin-dependent protein catabolic process",0.0638297872340425,0.0149233011730409,0.00287854277206648,0.077623077124708,0.0628092383628423,"Clu/Rmnd5b/Dnajb12/Stt3b/Rnf144b/Ubqln4",6,"Up"," DOM DIS - mPFC"
"GO:0031346","positive regulation of cell projection organization",0.0638297872340425,0.0153744707433886,0.0033314707897995,0.0802078255444565,0.0649007050454003,"Sgk1/Wasl/Skil/Sema7a/Plekhm1/Twf2",6,"Up"," DOM DIS - mPFC"
"GO:0034248","regulation of cellular amide metabolic process",0.0638297872340425,0.0157215242590407,0.00371455983476934,0.0832375309453242,0.0673522116815849,"Clu/Pdk3/Ccn1/Dapk3/Gemin5/Prr16",6,"Up"," DOM DIS - mPFC"
"GO:0001558","regulation of cell growth",0.0638297872340425,0.0159991670715624,0.00404390027810881,0.0876139034679051,0.0708933831362254,"Ifrd1/Sgk1/Fam107a/Sema7a/Twf2/Rtn4r",6,"Up"," DOM DIS - mPFC"
"GO:0048675","axon extension",0.0531914893617021,0.00492815992226001,0.000104538060015056,0.0392098075337378,0.0317268812158929,"Ifrd1/Sema7a/Dclk1/Twf2/Rtn4r",5,"Up"," DOM DIS - mPFC"
"GO:0006282","regulation of DNA repair",0.0531914893617021,0.00569167765669466,0.000205013073345862,0.0392098075337378,0.0317268812158929,"Spire1/Zfp365/Sirt7/Rad52/Ubqln4",5,"Up"," DOM DIS - mPFC"
"GO:0050770","regulation of axonogenesis",0.0531914893617021,0.0064204900395641,0.000357406050829242,0.0426667177872253,0.034524063550747,"Ifrd1/Skil/Sema7a/Twf2/Rtn4r",5,"Up"," DOM DIS - mPFC"
"GO:0048813","dendrite morphogenesis",0.0531914893617021,0.00648990074269452,0.000375445662489726,0.0426667177872253,0.034524063550747,"Sgk1/Wasl/Dclk1/Zfp365/Mink1",5,"Up"," DOM DIS - mPFC"
"GO:1990138","neuron projection extension",0.0531914893617021,0.00707989171930312,0.000557956465542952,0.0467215124567809,0.0378050281085335,"Ifrd1/Sema7a/Dclk1/Twf2/Rtn4r",5,"Up"," DOM DIS - mPFC"
"GO:0031668","cellular response to extracellular stimulus",0.0531914893617021,0.00822516832095509,0.00109306404536847,0.0599677550407323,0.0485233149722556,"Wdr24/Fam107a/Fos/Mars1/Prkab2",5,"Up"," DOM DIS - mPFC"
"GO:0034976","response to endoplasmic reticulum stress",0.0531914893617021,0.00891927535225932,0.00156276609397894,0.0624942397952129,0.0505676372156177,"Cebpb/Clu/Dnajb12/Stt3b/Ufm1",5,"Up"," DOM DIS - mPFC"
"GO:0051258","protein polymerization",0.0531914893617021,0.00957867703199833,0.002132852382173,0.067587689282509,0.0546890363508608,"Sgk1/Wasl/Fam107a/Spire1/Twf2",5,"Up"," DOM DIS - mPFC"
"GO:0048588","developmental cell growth",0.0531914893617021,0.00961338238356355,0.00216654440817596,0.067587689282509,0.0546890363508608,"Ifrd1/Sema7a/Dclk1/Twf2/Rtn4r",5,"Up"," DOM DIS - mPFC"
"GO:0060560","developmental growth involved in morphogenesis",0.0531914893617021,0.00975220378982439,0.00230520917022581,0.0680866119491952,0.0550927430043109,"Ifrd1/Sema7a/Dclk1/Twf2/Rtn4r",5,"Up"," DOM DIS - mPFC"
"GO:0050769","positive regulation of neurogenesis",0.0531914893617021,0.010342194766433,0.00296753806256856,0.0786892176257764,0.0636719131670413,"Sgk1/Skil/Sema7a/Zfp365/Twf2",5,"Up"," DOM DIS - mPFC"
"GO:0071496","cellular response to external stimulus",0.0531914893617021,0.0104463108211286,0.00309732308223631,0.0802078255444565,0.0649007050454003,"Wdr24/Fam107a/Fos/Mars1/Prkab2",5,"Up"," DOM DIS - mPFC"
"GO:0051962","positive regulation of nervous system development",0.0531914893617021,0.0124592212119109,0.00648859027316681,0.104633196704217,0.0846646594788166,"Sgk1/Skil/Sema7a/Zfp365/Twf2",5,"Up"," DOM DIS - mPFC"
"GO:0120162","positive regulation of cold-induced thermogenesis",0.0425531914893617,0.00340112445339071,0.000303469798654853,0.0426667177872253,0.034524063550747,"Cebpb/Dio2/Prkab2/Gadd45g",4,"Up"," DOM DIS - mPFC"
"GO:2000779","regulation of double-strand break repair",0.0425531914893617,0.00378288332060804,0.00045478108357397,0.0452222939978867,0.0365919253428267,"Spire1/Zfp365/Sirt7/Ubqln4",4,"Up"," DOM DIS - mPFC"
"GO:0030516","regulation of axon extension",0.0425531914893617,0.00392170472686888,0.000521152084234827,0.046212629260259,0.0373932618249342,"Ifrd1/Sema7a/Twf2/Rtn4r",4,"Up"," DOM DIS - mPFC"
"GO:0061387","regulation of extent of cell growth",0.0425531914893617,0.00444228500034705,0.000831948594053888,0.0509088543515283,0.0411932441509273,"Ifrd1/Sema7a/Twf2/Rtn4r",4,"Up"," DOM DIS - mPFC"
"GO:0120161","regulation of cold-induced thermogenesis",0.0425531914893617,0.00506698132852086,0.00135478000746378,0.0624942397952129,0.0505676372156177,"Cebpb/Dio2/Prkab2/Gadd45g",4,"Up"," DOM DIS - mPFC"
"GO:0106106","cold-induced thermogenesis",0.0425531914893617,0.00513639203165128,0.00142429791430546,0.0624942397952129,0.0505676372156177,"Cebpb/Dio2/Prkab2/Gadd45g",4,"Up"," DOM DIS - mPFC"
"GO:0009152","purine ribonucleotide biosynthetic process",0.0425531914893617,0.00524050808634691,0.00153318700185418,0.0624942397952129,0.0505676372156177,"Pdk3/Acss2/Papss2/Adcy1",4,"Up"," DOM DIS - mPFC"
"GO:0031099","regeneration",0.0425531914893617,0.00541403484417297,0.00172734574310903,0.0657859139603673,0.0532311176509505,"Cebpb/Ifrd1/Spaar/Rtn4r",4,"Up"," DOM DIS - mPFC"
"GO:0010977","negative regulation of neuron projection development",0.0425531914893617,0.00562226695356424,0.00198212113200493,0.067587689282509,0.0546890363508608,"Ifrd1/Sema7a/Zfp365/Rtn4r",4,"Up"," DOM DIS - mPFC"
"GO:0009260","ribonucleotide biosynthetic process",0.0425531914893617,0.00565697230512945,0.00202697268740132,0.067587689282509,0.0546890363508608,"Pdk3/Acss2/Papss2/Adcy1",4,"Up"," DOM DIS - mPFC"
"GO:1990845","adaptive thermogenesis",0.0425531914893617,0.00569167765669466,0.0020725216777527,0.067587689282509,0.0546890363508608,"Cebpb/Dio2/Prkab2/Gadd45g",4,"Up"," DOM DIS - mPFC"
"GO:0006164","purine nucleotide biosynthetic process",0.0425531914893617,0.00583049906295551,0.00226180286492463,0.0680866119491952,0.0550927430043109,"Pdk3/Acss2/Papss2/Adcy1",4,"Up"," DOM DIS - mPFC"
"GO:0030041","actin filament polymerization",0.0425531914893617,0.00586520441452072,0.00231092209004182,0.0680866119491952,0.0550927430043109,"Wasl/Fam107a/Spire1/Twf2",4,"Up"," DOM DIS - mPFC"
"GO:0046390","ribose phosphate biosynthetic process",0.0425531914893617,0.00596932046921635,0.00246268516309047,0.0712387653541262,0.057643329271955,"Pdk3/Acss2/Papss2/Adcy1",4,"Up"," DOM DIS - mPFC"
"GO:0072522","purine-containing compound biosynthetic process",0.0425531914893617,0.00607343652391199,0.00262117108023979,0.0744693426546698,0.0602573727656628,"Pdk3/Acss2/Papss2/Adcy1",4,"Up"," DOM DIS - mPFC"
"GO:0031214","biomineral tissue development",0.0425531914893617,0.0061081418754772,0.00267551906286594,0.0746798391056089,0.0604276973939989,"Cebpb/Atp2b2/Bcor/Ccn1",4,"Up"," DOM DIS - mPFC"
"GO:0110148","biomineralization",0.0425531914893617,0.0064204900395641,0.00319988576629094,0.0802078255444565,0.0649007050454003,"Cebpb/Atp2b2/Bcor/Ccn1",4,"Up"," DOM DIS - mPFC"
"GO:0001659","temperature homeostasis",0.0425531914893617,0.00652460609425974,0.00338918384205441,0.0802078255444565,0.0649007050454003,"Cebpb/Dio2/Prkab2/Gadd45g",4,"Up"," DOM DIS - mPFC"
"GO:0001764","neuron migration",0.0425531914893617,0.00680224890678143,0.00393098259586352,0.0868637959724843,0.0702864285780861,"Dclk1/Nrg3/Mrtfb/Acap3",4,"Up"," DOM DIS - mPFC"
"GO:0008154","actin polymerization or depolymerization",0.0425531914893617,0.00687165960991185,0.00407506527757698,0.0876139034679051,0.0708933831362254,"Wasl/Fam107a/Spire1/Twf2",4,"Up"," DOM DIS - mPFC"
"GO:0031669","cellular response to nutrient levels",0.0425531914893617,0.00711459707086833,0.00460745106667453,0.0964533506194629,0.0780458816418692,"Wdr24/Fam107a/Mars1/Prkab2",4,"Up"," DOM DIS - mPFC"
"GO:0009165","nucleotide biosynthetic process",0.0425531914893617,0.00746165058652044,0.00544646960248945,0.0986113574185296,0.0797920474530164,"Pdk3/Acss2/Papss2/Adcy1",4,"Up"," DOM DIS - mPFC"
"GO:0031345","negative regulation of cell projection organization",0.0425531914893617,0.00746165058652044,0.00544646960248945,0.0986113574185296,0.0797920474530164,"Ifrd1/Sema7a/Zfp365/Rtn4r",4,"Up"," DOM DIS - mPFC"
"GO:1901293","nucleoside phosphate biosynthetic process",0.0425531914893617,0.0076351773443465,0.0059019178175589,0.0992900257254282,0.0803411965081205,"Pdk3/Acss2/Papss2/Adcy1",4,"Up"," DOM DIS - mPFC"
"GO:0001649","osteoblast differentiation",0.0425531914893617,0.00770458804747692,0.00609099120253636,0.100945489617035,0.0816807263234865,"Cebpb/Sirt7/Junb/Ccn1",4,"Up"," DOM DIS - mPFC"
"GO:0010810","regulation of cell-substrate adhesion",0.0425531914893617,0.00787811480530298,0.00658122877215007,0.104707349764908,0.0847246609298899,"Fam107a/Mink1/Ccn1/Dapk3",4,"Up"," DOM DIS - mPFC"
"GO:1900745","positive regulation of p38MAPK cascade",0.0319148936170213,0.000971749843825918,0.000103816730436605,0.0392098075337378,0.0317268812158929,"Gadd45b/Mink1/Gadd45g",3,"Up"," DOM DIS - mPFC"
"GO:0033866","nucleoside bisphosphate biosynthetic process",0.0319148936170213,0.00124939265634761,0.000222030471338766,0.0392098075337378,0.0317268812158929,"Pdk3/Acss2/Papss2",3,"Up"," DOM DIS - mPFC"
"GO:0034030","ribonucleoside bisphosphate biosynthetic process",0.0319148936170213,0.00124939265634761,0.000222030471338766,0.0392098075337378,0.0317268812158929,"Pdk3/Acss2/Papss2",3,"Up"," DOM DIS - mPFC"
"GO:0034033","purine nucleoside bisphosphate biosynthetic process",0.0319148936170213,0.00124939265634761,0.000222030471338766,0.0392098075337378,0.0317268812158929,"Pdk3/Acss2/Papss2",3,"Up"," DOM DIS - mPFC"
"GO:1900744","regulation of p38MAPK cascade",0.0319148936170213,0.00145762476573888,0.000351969668628536,0.0426667177872253,0.034524063550747,"Gadd45b/Mink1/Gadd45g",3,"Up"," DOM DIS - mPFC"
"GO:0050919","negative chemotaxis",0.0319148936170213,0.0015270354688693,0.000404141354419979,0.0428659263254791,0.0346852544881147,"Sema7a/Nrg3/Rtn4r",3,"Up"," DOM DIS - mPFC"
"GO:0030517","negative regulation of axon extension",0.0319148936170213,0.00166585687513015,0.000522833014886651,0.046212629260259,0.0373932618249342,"Ifrd1/Sema7a/Rtn4r",3,"Up"," DOM DIS - mPFC"
"GO:0038066","p38MAPK cascade",0.0319148936170213,0.0018393836329562,0.000699838146268695,0.0486989601119563,0.0394050932660178,"Gadd45b/Mink1/Gadd45g",3,"Up"," DOM DIS - mPFC"
"GO:0061077","chaperone-mediated protein folding",0.0319148936170213,0.00222114250017353,0.00121286784985481,0.0624942397952129,0.0505676372156177,"Clu/Dnajb5/Dnajb12",3,"Up"," DOM DIS - mPFC"
"GO:0150076","neuroinflammatory response",0.0319148936170213,0.00232525855486916,0.00138474234479487,0.0624942397952129,0.0505676372156177,"Clu/Dagla/Adcy1",3,"Up"," DOM DIS - mPFC"
"GO:0050771","negative regulation of axonogenesis",0.0319148936170213,0.00242937460956479,0.00157119396091044,0.0624942397952129,0.0505676372156177,"Ifrd1/Sema7a/Rtn4r",3,"Up"," DOM DIS - mPFC"
"GO:0044272","sulfur compound biosynthetic process",0.0319148936170213,0.00322759769556466,0.00352894267008922,0.0802078255444565,0.0649007050454003,"Pdk3/Acss2/Papss2",3,"Up"," DOM DIS - mPFC"
"GO:0061640","cytoskeleton-dependent cytokinesis",0.0319148936170213,0.00322759769556466,0.00352894267008922,0.0802078255444565,0.0649007050454003,"Spire1/Zfp365/Septin5",3,"Up"," DOM DIS - mPFC"
"GO:0050772","positive regulation of axonogenesis",0.0319148936170213,0.00350524050808635,0.00444788263599176,0.0943544169848386,0.0763475152816551,"Skil/Sema7a/Twf2",3,"Up"," DOM DIS - mPFC"
"GO:0070167","regulation of biomineral tissue development",0.0319148936170213,0.00360935656278198,0.00482635203958296,0.0985762843185115,0.0797636678166923,"Cebpb/Bcor/Ccn1",3,"Up"," DOM DIS - mPFC"
"GO:0046330","positive regulation of JNK cascade",0.0319148936170213,0.00364406191434719,0.00495669562883779,0.0985762843185115,0.0797636678166923,"Gadd45b/Mink1/Gadd45g",3,"Up"," DOM DIS - mPFC"
"GO:0110149","regulation of biomineralization",0.0319148936170213,0.0036787672659124,0.00508914898415579,0.0985956564037741,0.0797793428706313,"Cebpb/Bcor/Ccn1",3,"Up"," DOM DIS - mPFC"
"GO:0032760","positive regulation of tumor necrosis factor production",0.0319148936170213,0.00381758867217325,0.00564024734449164,0.0986113574185296,0.0797920474530164,"Clu/Cd14/Ccn1",3,"Up"," DOM DIS - mPFC"
"GO:0033865","nucleoside bisphosphate metabolic process",0.0319148936170213,0.00381758867217325,0.00564024734449164,0.0986113574185296,0.0797920474530164,"Pdk3/Acss2/Papss2",3,"Up"," DOM DIS - mPFC"
"GO:0033875","ribonucleoside bisphosphate metabolic process",0.0319148936170213,0.00381758867217325,0.00564024734449164,0.0986113574185296,0.0797920474530164,"Pdk3/Acss2/Papss2",3,"Up"," DOM DIS - mPFC"
"GO:0034032","purine nucleoside bisphosphate metabolic process",0.0319148936170213,0.00381758867217325,0.00564024734449164,0.0986113574185296,0.0797920474530164,"Pdk3/Acss2/Papss2",3,"Up"," DOM DIS - mPFC"
"GO:1903557","positive regulation of tumor necrosis factor superfamily cytokine production",0.0319148936170213,0.00388699937530367,0.0059286941822223,0.0992900257254282,0.0803411965081205,"Clu/Cd14/Ccn1",3,"Up"," DOM DIS - mPFC"
"GO:0120034","positive regulation of plasma membrane bounded cell projection assembly",0.0319148936170213,0.00399111542999931,0.00637768142529239,0.104607125233404,0.0846435635717047,"Wasl/Plekhm1/Twf2",3,"Up"," DOM DIS - mPFC"
"GO:0070932","histone H3 deacetylation",0.0212765957446809,0.000451169570347748,0.000802315728732688,0.0509088543515283,0.0411932441509273,"Elk4/Sirt7",2,"Up"," DOM DIS - mPFC"
"GO:1901836","regulation of transcription of nucleolar large rRNA by RNA polymerase I",0.0212765957446809,0.000485874921912959,0.000934047729892684,0.0539072612697041,0.0436194254079514,"Mars1/Sirt7",2,"Up"," DOM DIS - mPFC"
"GO:0042790","nucleolar large rRNA transcription by RNA polymerase I",0.0212765957446809,0.000589990976608593,0.00138707151333647,0.0624942397952129,0.0505676372156177,"Mars1/Sirt7",2,"Up"," DOM DIS - mPFC"
"GO:0006085","acetyl-CoA biosynthetic process",0.0212765957446809,0.000659401679739016,0.00173664889147418,0.0657859139603673,0.0532311176509505,"Pdk3/Acss2",2,"Up"," DOM DIS - mPFC"
"GO:0140747","regulation of ncRNA transcription",0.0212765957446809,0.000694107031304227,0.00192551912260161,0.067587689282509,0.0546890363508608,"Mars1/Sirt7",2,"Up"," DOM DIS - mPFC"
"GO:0051788","response to misfolded protein",0.0212765957446809,0.000832928437565073,0.00277344053656321,0.076078342994346,0.0615593062834266,"Clu/Dnajb12",2,"Up"," DOM DIS - mPFC"
"GO:0035384","thioester biosynthetic process",0.0212765957446809,0.000902339140695495,0.00325201292351459,0.0802078255444565,0.0649007050454003,"Pdk3/Acss2",2,"Up"," DOM DIS - mPFC"
"GO:0071616","acyl-CoA biosynthetic process",0.0212765957446809,0.000902339140695495,0.00325201292351459,0.0802078255444565,0.0649007050454003,"Pdk3/Acss2",2,"Up"," DOM DIS - mPFC"
"GO:0036003","positive regulation of transcription from RNA polymerase II promoter in response to stress",0.0212765957446809,0.000937044492260707,0.00350474092431252,0.0802078255444565,0.0649007050454003,"Cebpb/Klf2",2,"Up"," DOM DIS - mPFC"
"GO:0060716","labyrinthine layer blood vessel development",0.0212765957446809,0.000937044492260707,0.00350474092431252,0.0802078255444565,0.0649007050454003,"Junb/Ccn1",2,"Up"," DOM DIS - mPFC"
"GO:0006734","NADH metabolic process",0.0212765957446809,0.00111057125008676,0.00490042088972153,0.0985762843185115,0.0797636678166923,"Nudt13/Pfkl",2,"Up"," DOM DIS - mPFC"
"GO:0051085","chaperone cofactor-dependent protein refolding",0.0212765957446809,0.00111057125008676,0.00490042088972153,0.0985762843185115,0.0797636678166923,"Dnajb5/Dnajb12",2,"Up"," DOM DIS - mPFC"
"GO:0009187","cyclic nucleotide metabolic process",0.0212765957446809,0.00114527660165197,0.00520555319793653,0.0985956564037741,0.0797793428706313,"Atp2b2/Adcy1",2,"Up"," DOM DIS - mPFC"
"GO:0009303","rRNA transcription",0.0212765957446809,0.00114527660165197,0.00520555319793653,0.0985956564037741,0.0797793428706313,"Mars1/Sirt7",2,"Up"," DOM DIS - mPFC"
"GO:0033687","osteoblast proliferation",0.0212765957446809,0.00114527660165197,0.00520555319793653,0.0985956564037741,0.0797793428706313,"Junb/Ccn1",2,"Up"," DOM DIS - mPFC"
"GO:0006356","regulation of transcription by RNA polymerase I",0.0212765957446809,0.00117998195321719,0.00551921503873707,0.0986113574185296,0.0797920474530164,"Mars1/Sirt7",2,"Up"," DOM DIS - mPFC"
"GO:0006084","acetyl-CoA metabolic process",0.0212765957446809,0.0012146873047824,0.00584134872819113,0.0992900257254282,0.0803411965081205,"Pdk3/Acss2",2,"Up"," DOM DIS - mPFC"
"GO:0090140","regulation of mitochondrial fission",0.0212765957446809,0.0012146873047824,0.00584134872819113,0.0992900257254282,0.0803411965081205,"Tmem135/Spire1",2,"Up"," DOM DIS - mPFC"
"GO:0051084","'de novo' post-translational protein folding",0.0212765957446809,0.00128409800791282,0.0065108023090619,0.104633196704217,0.0846646594788166,"Dnajb5/Dnajb12",2,"Up"," DOM DIS - mPFC"
